-- Patch missing system menus, APIs and admin role bindings.
-- Run this on an existing MySQL database when you do not reinitialize from base SQL.

START TRANSACTION;

INSERT IGNORE INTO `sys_api` (`id`, `title`, `path`, `method`, `api_group`, `created_at`, `updated_at`, `deleted_at`, `created_by`) VALUES
(217, 'Param List', '/api/sysParam/list', 'GET', 'System Param', '2026-07-05 22:30:00', '2026-07-05 22:30:00', NULL, 1),
(218, 'Param Detail', '/api/sysParam/:id', 'GET', 'System Param', '2026-07-05 22:30:00', '2026-07-05 22:30:00', NULL, 1),
(219, 'Param Get By Code', '/api/sysParam/getByCode/:code', 'GET', 'System Param', '2026-07-05 22:30:00', '2026-07-05 22:30:00', NULL, 1),
(220, 'Param Add', '/api/sysParam/add', 'POST', 'System Param', '2026-07-05 22:30:00', '2026-07-05 22:30:00', NULL, 1),
(221, 'Param Edit', '/api/sysParam/edit', 'PUT', 'System Param', '2026-07-05 22:30:00', '2026-07-05 22:30:00', NULL, 1),
(222, 'Param Delete', '/api/sysParam/delete', 'DELETE', 'System Param', '2026-07-05 22:30:00', '2026-07-05 22:30:00', NULL, 1),
(223, 'Area List', '/api/sysArea/list', 'GET', 'Area', '2026-07-05 22:30:00', '2026-07-05 22:30:00', NULL, 1),
(224, 'Area Search', '/api/sysArea/search', 'GET', 'Area', '2026-07-05 22:30:00', '2026-07-05 22:30:00', NULL, 1),
(225, 'Area Children', '/api/sysArea/children/:value', 'GET', 'Area', '2026-07-05 22:30:00', '2026-07-05 22:30:00', NULL, 1),
(226, 'Area Add', '/api/sysArea/add', 'POST', 'Area', '2026-07-05 22:30:00', '2026-07-05 22:30:00', NULL, 1),
(227, 'Area Edit', '/api/sysArea/edit', 'PUT', 'Area', '2026-07-05 22:30:00', '2026-07-05 22:30:00', NULL, 1),
(228, 'Area Delete', '/api/sysArea/delete', 'DELETE', 'Area', '2026-07-05 22:30:00', '2026-07-05 22:30:00', NULL, 1),
(229, 'Area Init Data', '/api/sysArea/initData', 'POST', 'Area', '2026-07-05 22:30:00', '2026-07-05 22:30:00', NULL, 1),
(230, 'Notice List', '/api/sysNotice/list', 'GET', 'Notice', '2026-07-05 22:30:00', '2026-07-05 22:30:00', NULL, 1),
(231, 'Notice Users', '/api/sysNotice/users', 'GET', 'Notice', '2026-07-05 22:30:00', '2026-07-05 22:30:00', NULL, 1),
(232, 'Notice Detail', '/api/sysNotice/:id', 'GET', 'Notice', '2026-07-05 22:30:00', '2026-07-05 22:30:00', NULL, 1),
(233, 'Notice Send', '/api/sysNotice/send', 'POST', 'Notice', '2026-07-05 22:30:00', '2026-07-05 22:30:00', NULL, 1),
(234, 'My Notice List', '/api/sysNotice/my/list', 'GET', 'Notice', '2026-07-05 22:30:00', '2026-07-05 22:30:00', NULL, 1),
(235, 'My Notice Read', '/api/sysNotice/my/read', 'PUT', 'Notice', '2026-07-05 22:30:00', '2026-07-05 22:30:00', NULL, 1),
(236, 'My Notice Unread Count', '/api/sysNotice/my/unreadCount', 'GET', 'Notice', '2026-07-05 22:30:00', '2026-07-05 22:30:00', NULL, 1);

INSERT IGNORE INTO `sys_menu` (`id`, `parent_id`, `path`, `name`, `redirect`, `component`, `title`, `is_full`, `hide`, `disable`, `keep_alive`, `affix`, `link`, `iframe`, `svg_icon`, `icon`, `sort`, `type`, `is_link`, `permission`, `created_at`, `updated_at`, `deleted_at`, `created_by`) VALUES
(140351, 10, '/system/sysparam', 'SystemSysparam', '', 'system/sysparam/sysparam', 'params-manager', 0, 0, 0, 1, 0, '', 0, '', 'IconSettings', 0, 2, 0, '', '2026-07-05 22:30:00', '2026-07-05 22:30:00', NULL, 1),
(140352, 140351, '', '', '', '', 'Add', 0, 0, 0, 1, 0, '', 0, '', '', 0, 3, 0, 'system:param:add', '2026-07-05 22:30:00', '2026-07-05 22:30:00', NULL, 1),
(140353, 140351, '', '', '', '', 'Edit', 0, 0, 0, 1, 0, '', 0, '', '', 0, 3, 0, 'system:param:edit', '2026-07-05 22:30:00', '2026-07-05 22:30:00', NULL, 1),
(140354, 140351, '', '', '', '', 'Delete', 0, 0, 0, 1, 0, '', 0, '', '', 0, 3, 0, 'system:param:delete', '2026-07-05 22:30:00', '2026-07-05 22:30:00', NULL, 1),
(140355, 10, '/system/area', 'SystemArea', '', 'system/area/area', 'area-manage', 0, 0, 0, 1, 0, '', 0, '', 'IconMindMapping', 0, 2, 0, '', '2026-07-05 22:30:00', '2026-07-05 22:30:00', NULL, 1),
(140356, 140355, '', '', '', '', 'Init Data', 0, 0, 0, 1, 0, '', 0, '', '', 0, 3, 0, 'system:area:initData', '2026-07-05 22:30:00', '2026-07-05 22:30:00', NULL, 1),
(140357, 140355, '', '', '', '', 'Add', 0, 0, 0, 1, 0, '', 0, '', '', 0, 3, 0, 'system:area:add', '2026-07-05 22:30:00', '2026-07-05 22:30:00', NULL, 1),
(140358, 140355, '', '', '', '', 'Edit', 0, 0, 0, 1, 0, '', 0, '', '', 0, 3, 0, 'system:area:edit', '2026-07-05 22:30:00', '2026-07-05 22:30:00', NULL, 1),
(140359, 140355, '', '', '', '', 'Delete', 0, 0, 0, 1, 0, '', 0, '', '', 0, 3, 0, 'system:area:delete', '2026-07-05 22:30:00', '2026-07-05 22:30:00', NULL, 1),
(140360, 10, '/system/notice', 'SystemNotice', '', 'system/notice/notice', 'notice', 0, 0, 0, 1, 0, '', 0, '', 'IconNotification', 0, 2, 0, '', '2026-07-05 22:30:00', '2026-07-05 22:30:00', NULL, 1);

INSERT IGNORE INTO `sys_menu_api` (`menu_id`, `api_id`) VALUES
(140351, 217),
(140351, 218),
(140351, 219),
(140352, 220),
(140353, 221),
(140354, 222),
(140355, 223),
(140355, 224),
(140355, 225),
(140356, 229),
(140357, 226),
(140358, 227),
(140359, 228),
(140360, 230),
(140360, 231),
(140360, 232),
(140360, 233),
(140360, 234),
(140360, 235),
(140360, 236);

INSERT IGNORE INTO `sys_role_menu` (`role_id`, `menu_id`) VALUES
(1, 140341),
(1, 140342),
(1, 140343),
(1, 140344),
(1, 140345),
(1, 140346),
(1, 140347),
(1, 140348),
(1, 140351),
(1, 140352),
(1, 140353),
(1, 140354),
(1, 140355),
(1, 140356),
(1, 140357),
(1, 140358),
(1, 140359),
(1, 140360),
(2, 140341),
(2, 140342),
(2, 140343),
(2, 140344),
(2, 140345),
(2, 140346),
(2, 140347),
(2, 140348),
(2, 140351),
(2, 140352),
(2, 140353),
(2, 140354),
(2, 140355),
(2, 140356),
(2, 140357),
(2, 140358),
(2, 140359),
(2, 140360);

COMMIT;
