-- 补齐缺失的系统菜单、API 关联及管理员角色授权
-- 适用场景：已有数据库升级，不重新初始化时直接执行本脚本

START TRANSACTION;

INSERT IGNORE INTO `sys_api` (`id`, `title`, `path`, `method`, `api_group`, `created_at`, `updated_at`, `deleted_at`, `created_by`) VALUES
(217, '参数管理列表', '/api/sysParam/list', 'GET', '参数管理', '2026-07-05 22:30:00', '2026-07-05 22:30:00', NULL, 1),
(218, '参数管理详情', '/api/sysParam/:id', 'GET', '参数管理', '2026-07-05 22:30:00', '2026-07-05 22:30:00', NULL, 1),
(219, '参数管理按编码查询', '/api/sysParam/getByCode/:code', 'GET', '参数管理', '2026-07-05 22:30:00', '2026-07-05 22:30:00', NULL, 1),
(220, '参数管理新增', '/api/sysParam/add', 'POST', '参数管理', '2026-07-05 22:30:00', '2026-07-05 22:30:00', NULL, 1),
(221, '参数管理编辑', '/api/sysParam/edit', 'PUT', '参数管理', '2026-07-05 22:30:00', '2026-07-05 22:30:00', NULL, 1),
(222, '参数管理删除', '/api/sysParam/delete', 'DELETE', '参数管理', '2026-07-05 22:30:00', '2026-07-05 22:30:00', NULL, 1),
(223, '行政区划列表', '/api/sysArea/list', 'GET', '行政区划', '2026-07-05 22:30:00', '2026-07-05 22:30:00', NULL, 1),
(224, '行政区划搜索', '/api/sysArea/search', 'GET', '行政区划', '2026-07-05 22:30:00', '2026-07-05 22:30:00', NULL, 1),
(225, '行政区划子级', '/api/sysArea/children/:value', 'GET', '行政区划', '2026-07-05 22:30:00', '2026-07-05 22:30:00', NULL, 1),
(226, '行政区划新增', '/api/sysArea/add', 'POST', '行政区划', '2026-07-05 22:30:00', '2026-07-05 22:30:00', NULL, 1),
(227, '行政区划编辑', '/api/sysArea/edit', 'PUT', '行政区划', '2026-07-05 22:30:00', '2026-07-05 22:30:00', NULL, 1),
(228, '行政区划删除', '/api/sysArea/delete', 'DELETE', '行政区划', '2026-07-05 22:30:00', '2026-07-05 22:30:00', NULL, 1),
(229, '行政区划初始化数据', '/api/sysArea/initData', 'POST', '行政区划', '2026-07-05 22:30:00', '2026-07-05 22:30:00', NULL, 1),
(230, '通知列表', '/api/sysNotice/list', 'GET', '通知管理', '2026-07-05 22:30:00', '2026-07-05 22:30:00', NULL, 1),
(231, '通知用户列表', '/api/sysNotice/users', 'GET', '通知管理', '2026-07-05 22:30:00', '2026-07-05 22:30:00', NULL, 1),
(232, '通知详情', '/api/sysNotice/:id', 'GET', '通知管理', '2026-07-05 22:30:00', '2026-07-05 22:30:00', NULL, 1),
(233, '发送通知', '/api/sysNotice/send', 'POST', '通知管理', '2026-07-05 22:30:00', '2026-07-05 22:30:00', NULL, 1),
(234, '我的通知列表', '/api/sysNotice/my/list', 'GET', '通知管理', '2026-07-05 22:30:00', '2026-07-05 22:30:00', NULL, 1),
(235, '通知标记已读', '/api/sysNotice/my/read', 'PUT', '通知管理', '2026-07-05 22:30:00', '2026-07-05 22:30:00', NULL, 1),
(236, '通知未读数量', '/api/sysNotice/my/unreadCount', 'GET', '通知管理', '2026-07-05 22:30:00', '2026-07-05 22:30:00', NULL, 1);

INSERT IGNORE INTO `sys_menu` (`id`, `parent_id`, `path`, `name`, `redirect`, `component`, `title`, `is_full`, `hide`, `disable`, `keep_alive`, `affix`, `link`, `iframe`, `svg_icon`, `icon`, `sort`, `type`, `is_link`, `permission`, `created_at`, `updated_at`, `deleted_at`, `created_by`) VALUES
(140351, 10, '/system/sysparam', 'SystemSysparam', '', 'system/sysparam/sysparam', 'params-manager', 0, 0, 0, 1, 0, '', 0, '', 'IconSettings', 0, 2, 0, '', '2026-07-05 22:30:00', '2026-07-05 22:30:00', NULL, 1),
(140352, 140351, '', '', '', '', '新增', 0, 0, 0, 1, 0, '', 0, '', '', 0, 3, 0, 'system:param:add', '2026-07-05 22:30:00', '2026-07-05 22:30:00', NULL, 1),
(140353, 140351, '', '', '', '', '编辑', 0, 0, 0, 1, 0, '', 0, '', '', 0, 3, 0, 'system:param:edit', '2026-07-05 22:30:00', '2026-07-05 22:30:00', NULL, 1),
(140354, 140351, '', '', '', '', '删除', 0, 0, 0, 1, 0, '', 0, '', '', 0, 3, 0, 'system:param:delete', '2026-07-05 22:30:00', '2026-07-05 22:30:00', NULL, 1),
(140355, 10, '/system/area', 'SystemArea', '', 'system/area/area', 'area-manage', 0, 0, 0, 1, 0, '', 0, '', 'IconMindMapping', 0, 2, 0, '', '2026-07-05 22:30:00', '2026-07-05 22:30:00', NULL, 1),
(140356, 140355, '', '', '', '', '初始化数据', 0, 0, 0, 1, 0, '', 0, '', '', 0, 3, 0, 'system:area:initData', '2026-07-05 22:30:00', '2026-07-05 22:30:00', NULL, 1),
(140357, 140355, '', '', '', '', '新增', 0, 0, 0, 1, 0, '', 0, '', '', 0, 3, 0, 'system:area:add', '2026-07-05 22:30:00', '2026-07-05 22:30:00', NULL, 1),
(140358, 140355, '', '', '', '', '编辑', 0, 0, 0, 1, 0, '', 0, '', '', 0, 3, 0, 'system:area:edit', '2026-07-05 22:30:00', '2026-07-05 22:30:00', NULL, 1),
(140359, 140355, '', '', '', '', '删除', 0, 0, 0, 1, 0, '', 0, '', '', 0, 3, 0, 'system:area:delete', '2026-07-05 22:30:00', '2026-07-05 22:30:00', NULL, 1),
(140360, 10, '/system/notice', 'SystemNotice', '', 'system/notice/notice', 'notice', 0, 0, 0, 1, 0, '', 0, '', 'IconNotification', 0, 2, 0, '', '2026-07-05 22:30:00', '2026-07-05 22:30:00', NULL, 1);

INSERT IGNORE INTO `sys_menu_api` (`menu_id`, `api_id`) VALUES
(140351, 217),
(140351, 218),
(140351, 219),
(140352, 220),
(140353, 221),
(140354, 222),
(140355, 223),
(140355, 224),
(140355, 225),
(140356, 229),
(140357, 226),
(140358, 227),
(140359, 228),
(140360, 230),
(140360, 231),
(140360, 232),
(140360, 233),
(140360, 234),
(140360, 235),
(140360, 236);

INSERT IGNORE INTO `sys_role_menu` (`role_id`, `menu_id`) VALUES
(1, 140341),
(1, 140342),
(1, 140343),
(1, 140344),
(1, 140345),
(1, 140346),
(1, 140347),
(1, 140348),
(1, 140351),
(1, 140352),
(1, 140353),
(1, 140354),
(1, 140355),
(1, 140356),
(1, 140357),
(1, 140358),
(1, 140359),
(1, 140360),
(2, 140341),
(2, 140342),
(2, 140343),
(2, 140344),
(2, 140345),
(2, 140346),
(2, 140347),
(2, 140348),
(2, 140351),
(2, 140352),
(2, 140353),
(2, 140354),
(2, 140355),
(2, 140356),
(2, 140357),
(2, 140358),
(2, 140359),
(2, 140360);

COMMIT;
